id,date
3PoAL2V6kwVnlU2uAjjpVB,08/31/17
5QKJFlsnBrw81AgmP0L6t4,08/31/17
4PFiLGx8jAzcAJxwPLUeZ9,08/31/17
7jGrvXXwpmNgJVnz7QS7df,08/31/17
1QtdHvQeFgSE7R7AuLPccZ,08/31/17
1tZ5ctX3Q1P6QZJ1bR25sd,08/31/17
6vcF9napv3kwm8rSb4O2si,08/31/17
1m2zP4pjwBnuYdAw5gWywR,08/31/17
0i19MAZbyn8uTir7FprXId,08/31/17
3fnL2JDgy4QD04araOl0eY,08/31/17
2IEkSr1Ku5uiRCDFGJadq1,08/31/17
0ypbDad3TsMRONLYRjzHj0,08/31/17
7fcaKFSxmsqONPRHDmZt4Q,08/31/17
4axPxMZwpzQWjcNjv1JOP6,08/31/17
6zCBk93V8M7fPriZj9i4dd,08/31/17
55M8VNkgmLHPiBrzEiniKp,08/31/17
1TqkV6zlyawtjEYwgQrH6x,08/31/17
7Dne9P85xQlwrGhpXnDoN7,08/31/17
2yDFr5t1OyFaIJAG8kvUmU,08/31/17
5N6UGAAjtWe6NyQ9pMxo45,08/31/17
79dQwpXjJ4t3pILysdqFyB,08/31/17
6ucoVwmhqqttqwOiz1nnkg,08/31/17
66q3yNMEO2tOsiFny1IPQW,08/31/17
40Mx2vpqD9g7HL56NkXTmt,08/31/17
2OBtgOkQ4VcOfMi97R5tyG,08/31/17
77OcLyKhTZi3FGhE7ah5wl,08/31/17
4gr79Zf64MKpWscYk2YsWd,08/31/17
25gOmwu5Z2Y6zO3XUMpIp8,08/31/17
1jXGbpouHnrSzVzRIYrdhy,08/31/17
0v4MtbkRH6Tx2mNNpFE7wJ,08/31/17
4mvTcdOP0nx50zpnnhfPdD,09/04/17
51JNZr0bBwOMFoSnB2oDNv,09/04/17
2ZBYcZBEjn3Mih9ItJx6jT,09/04/17
2UxXVVfBiGZa0l2Nhi6WbW,09/04/17
1aPFLpNNczxjY34qdKVJLg,09/04/17
0SAi0kuzDwXPdQSHbEGfEt,09/04/17
60AqsDNttMy1BRcSBq08cu,09/04/17
6ScgBNq1kWX092RsutuQbx,09/04/17
4ee0HXy7EnkrfA71AuU5Wq,09/04/17
3MmogIpfk1GVXRMmRjKLGI,09/04/17
12oF4FqYEr9dLX0DxqwyXN,09/04/17
4bN43jYf41eIjJZ3UXQpuA,09/04/17
6vheXD5oByaEuoxfNTXGP6,09/04/17
6WkwB5tjvgw8zjdKSOfl0S,09/04/17
5IafdoRLyaGPeeA6f8ysIe,09/04/17
6Vz2IQv3AYoznh4tjsrRPo,09/04/17
5qIWEtVAzylkR5zzMEk5uA,09/04/17
3YhsxPMiG6XGEXZ5ks3Rv2,09/04/17
5SyBAbwn4GM6N3E71kUKfO,09/04/17
1XxRYmDKuABtbtCozx3pA2,09/04/17
0ChRc7odkvsCB7BcacsFUi,09/04/17
1bAZV1EBTRi9t1cVg75i8t,09/04/17
6fSCmaahmqTbcIxnFQQDsN,09/04/17
15WaCkvUPrsbWhjzgl12jv,09/04/17
1BoH28Sopj6wkd1Fbb5B0K,09/04/17
3UnLiYXFtTmfXwc0hrXS8x,09/04/17
3gQMqeXqiHFCafaTtFnHF8,09/04/17
4rU6Yb8admwqo5yBd8kkL6,09/04/17
1EjPQ7Cv0JbGEAh3Zi8AEA,09/04/17
2hIAa70njvLuzClmw5If0Z,09/04/17
5bCzyMvtNjYjUzLtrpvqYo,09/11/17
4aAODvWYkmJaqosWFN28dl,09/11/17
1dQruqN1RiwSrOjPmYXUwX,09/11/17
6gWf3n5Cl7aE9WsCButD3T,09/11/17
6kPxXhjSvy8RsmZBAJUiFs,09/11/17
3EgkmxKS8IN08vbdoL7cFi,09/11/17
64DkUADFBHKvEjEbh0cXcl,09/11/17
4s27zHTtr7xmadkIwdYqk2,09/11/17
1hRLLDcfLJZBu9L2WNnBwr,09/11/17
48TNLcToLs8DWkdj5vYdiW,09/11/17
5jVFYV549ynTX0NPkMlrDN,09/11/17
3OscpokWycJcWvk5xlIHuO,09/11/17
2SU21YLdwyTnqJpS7Jc3lD,09/11/17
0lJ3iwfMWh8xDXWuGhbMv7,09/11/17
2l9UM2IVGSulrohfekmKdr,09/11/17
4aUCovTNe98WnwE6AIl0pU,09/11/17
6cuKyevjNVrb4I7BAA9NTv,09/11/17
7EABRkbCb5HbX4pOmC3IEK,09/11/17
54a3lHJAwce1dOKrsDPEHv,09/11/17
3Xy16SYnhBiSBL5yUXaHG1,09/11/17
2JAPN0EiNuHoxO0BneCdaR,09/11/17
0Ye8PpaCPkie4v8HurFHNv,09/11/17
2UiZAyT2L529zh4PuDvH4J,09/11/17
6wUKgaDK24gSIxYuQSJErY,09/11/17
364TGoiK2nPK0YYa4Z4p2Y,09/11/17
2P9nh9pTK96dE0b6NBbTSs,09/11/17
13wyDPTrq0Q78uNF1lLp0d,09/11/17
1zOmBiWRi5uTRa7iTUFmVS,09/11/17
1l5FjyFdQaJlo2ZW7uT6xx,09/11/17
62gYZG0u6P5C9ZTdyGqAKQ,09/11/17
5Ee5IX9ylwAiuG5yELLgvM,10/10/17
6Rq7p4TmkQqkQBUT05fxb4,10/10/17
586IwmhJg0JJWrajsMzat0,10/10/17
1TZqivA5YexWtdTQHzbqD4,10/10/17
6VhdE3WyztJZ9jZuKWwW7C,10/10/17
2QWMlZTBznsuJKMUIKoz95,10/10/17
2bbmdWor8U0QVHxLiwo4SP,10/10/17
0j4srnVsqW8qXpZ5zlwzoI,10/10/17
1KueOLeUZpaNRK2InckxVT,10/10/17
366ZW1m6mM8OnHr4fyucNj,10/10/17
3GfZdJBB1cAbjSEIj3kraY,10/10/17
2gke8YaJQur5OpkWAeIMdz,10/10/17
02FQPzOxxiKdV24vpb67Yv,10/10/17
1oWlvdxiEjWHv2sVURNLHM,10/10/17
2R3PPb82o2uXgX3ai8mgWd,10/10/17
6uIToYGXAgFbHH8oxiBtLj,10/10/17
5RxZ2t9Pujgw4a8n1SBVkZ,10/10/17
5rIjJkNIY3sRtjPJVOctRE,10/10/17
1z2HU92Zgl6lh291ATb5pp,10/10/17
0ADv31kSJhI1VSCQqBbXUU,10/10/17
5UlokrsKgBObpODBXwTW0B,10/10/17
7r2h8NMtcQGau1EEFtFNL6,10/10/17
0KZnv0J5dxDJaKvm3aiUEZ,10/10/17
4fxJQJY1VEdhmSAIqMeFrR,10/10/17
5D0mWFGcShFsz4E2XbryXc,10/10/17
0xEaA9gekxEFwoDjX8dq6c,10/10/17
1Bqxrcrx2q1nrHDn4aWTV4,10/10/17
6eCnpakN2g0R7CQttki1cg,10/10/17
2FWmn8Ew1OH3rceumnevfH,10/10/17
6MKL3Xdcf3qFhTP2KJhcsn,10/10/17
3cSlU4ZH4wzb5pM7wI1k3f,10/31/17
5MHIEn1L5RlorcpyUtMTpV,10/31/17
3CTeY4dE5tOddPxfuEQuoa,10/31/17
3aLbkV1InjX2KdsoMhUFJQ,10/31/17
6UNXrJ4kONtURlTOajNyJN,10/31/17
1egbuK5fynD7dJJsMwgxBd,10/31/17
1lMNcFJjUcrhRSEMzeDZqQ,10/31/17
3VCxzBKS4TKbu0nRU5kMrw,10/31/17
5kAmVEKmsztVbt4Mi22171,10/31/17
4zw1EQaweu4TfU8lYxlhU3,10/31/17
7FMXSSzIRW8aJwUPfzXsa2,10/31/17
0vIUMmvi3XuWUJxNpbu5L7,10/31/17
3YF4aMyDnV8QjUS9RFS22r,10/31/17
44JUKryRUrDYng4ra39o9N,10/31/17
0AXZ0NEEylEhBda574NrmG,10/31/17
2EFYlEjFXM0Dgr8ykrAUd6,10/31/17
2UQ0gTaxTU7N73yGHdBMb5,10/31/17
7DbwjUjoy6q5lkGW49D42N,10/31/17
69CUqCDaxbrrOjz2aP133V,10/31/17
7HblJM23la7H8kXeBwlkzN,10/31/17
7iSyaNhLcjwuO22QuRYHsM,10/31/17
5ABKdZH1X4GRH7J0f1L7Vm,10/31/17
2SzN8aFto8qDLdA9Lj0txB,10/31/17
6xCVs1cGlimVunaT0KZkEi,10/31/17
3Y3qjZvLKdvhwBc0uA6dNv,10/31/17
6ayQVhvuy6yRx19572hPMT,10/31/17
7gjGBJYY19FQZMrKkBK3eu,10/31/17
7vq8cxjYDHUI4BoD27BYVh,10/31/17
1wDnz8pANuLpP9XSLH1Gqs,10/31/17
5GL7iZg4ELjVcqovuP6PDS,11/10/17
6dhYiGiyGYGveeLItyZ0lb,11/10/17
61P1PWElJfgK4JUlBZiOkA,11/10/17
5kVuwpCtLAqAfND2X7x7tg,11/10/17
0ZRmhs9YjaMmj5QGCw0lDe,11/10/17
5xBYqmScOx6NW9dsJ2O1xP,11/10/17
1v54R69i9bjRcGfArDzkhM,11/10/17
3ZD4mt9y6bP2MTEzHMPOM8,11/10/17
6tSMalTFH31JjIFIXQnhSr,11/10/17
01iPP19QhyNOIsuRWXRZ3w,11/10/17
1iNqg1jvbIUAuompmsRYj1,11/10/17
6uBexmz61ckt5XQRqTgF3M,11/10/17
31ZZgmpd7LA4vdDplWgUUD,11/10/17
15Edy9um1W2jrCb9MVaIBV,11/10/17
55OoUbyymtaO4avZOMcc51,11/10/17
4OF4smGwPNU9Th6lQfzjuU,11/10/17
1oZAfxXSKqEUQyHR66MkIl,11/10/17
6RF4f75Vzt2la9nBKPTDJK,11/10/17
4n8WKdlSKYbtVe6ELlbvup,11/10/17
6mliYywlqy6PHJL4d0KkvR,11/10/17
0699LAaNFWTBUS6qCyfJjm,11/10/17
1rk9eGO7AkPX1oafUuOnGs,11/10/17
5oYuDjU5kHS45fVWX2woJS,11/10/17
0ZZ9kLRomzTbnmtzcE1dO2,11/10/17
3MXiT8ohdayiVTy2sepEgX,11/10/17
3bD47pV0cz5ZOrTNHGe5No,11/10/17
0NbeabUODYRqbcAihXD77i,11/10/17
4PBtKt7CFS6Bt4woY9fJOZ,11/10/17
2Vik6VEoqvO2PjdkRYaYEG,11/10/17
6o8SclNJZqOXHztiSOIhjI,11/10/17
2REeTHmiO6kbkNTwkolGwC,11/21/17
31nItlXwgCCFpttS50Rbxf,11/21/17
2TV1CEAFvQiiLhqxUOCQnC,11/21/17
1HNa4IC54Yo5weaKVrHG96,11/21/17
1w9WluKasA5jnyMDXxNjSd,11/21/17
4AHPnOGj9CcEHCuzodzZrP,11/21/17
6FlgXdr8JJLfQvMoHQjE0r,11/21/17
0fDO3YIQy8BfylAxT8uEmP,11/21/17
47oMSA2CAexjpOwNkMqvps,11/21/17
3w7hnMNX4zVZeBJ6LisTjT,11/21/17
0Afai8u1STCaDyTTm1gEZf,11/21/17
17GMg1ZyQJtm3HkXQFZ31f,11/21/17
3Wmzrodi6LOzqezKcntY0V,11/21/17
5lis4qF0ZUhNGyDiNyS7e1,11/21/17
0PpZijLwoROXHsCgvBoNcf,11/21/17
2hulWLdzjBexk2bxQpcUp7,11/21/17
7pesjLNxuS0kyp4rQhi4dP,11/21/17
3EMI35m2GKEfBEj4N6ZpqN,11/21/17
2P8OrbNngfk62NQIaqFrVF,11/21/17
5j6N71LrZ6YV3DEtqUeLzK,11/21/17
1XGwjdHXHNu3842f75eg3T,11/21/17
7j9OK4rOJAb1fhz3FPjife,11/21/17
5g0JX65HgJ6iUplwQl3AP2,11/21/17
7IyuwRPPNq6gYI1vzqKsrU,11/21/17
3ImYc5hhlFtS7GCwo6R1R4,11/21/17
2OiNlU67P2JulKNjXWQRqs,11/21/17
2MWoD5vKM2Jau4VwmfxfYc,11/21/17
2kyONZCe1ztsTmjuWTUXCy,11/21/17
4WG5SYnIiH92jOKC3VIpfl,11/21/17
4qYVtcv1mOfMPTHfmrW7ZH,11/21/17
6lTQUF6os6Y400rkjWb30B,12/02/17
5BDjHD8DXMWn1WfBbmE9LP,12/02/17
6ziUdIRzZgeraVp3eW03rF,12/02/17
22GKOoU7q9YGhaedUzhlpT,12/02/17
1mTwxNQSCsgQJxBjEpaGH0,12/02/17
4YCxnvumzDpYHoOCw1cNBs,12/02/17
6hQyok9o5eHVrOTrAnHKro,12/02/17
4dSUedeaUTvJePi5Hjk8m2,12/02/17
1LwP9g1Hjbs64jXM2Qsxry,12/02/17
49vIznJDbEpjLqIbaqvlvw,12/02/17
1ibcyT87MJO8HGEq4YOeXk,12/02/17
6xecXf8OfP5QZTkmxmNxxr,12/02/17
1AWeNwfENzCxtqKG3bYF0x,12/02/17
0NWDIJCR2vOYJN8ipD8Ktb,12/02/17
2faT135hfs9Ro4YUlKIG8o,12/02/17
6bwtakvKfKOflQXKwgtyTQ,12/02/17
6h42FqekL3vp5Hm3zbuSVK,12/02/17
5d2fr78JzuRnNcuTe67PWk,12/02/17
3jQLF7KoYPMWPGvvfSEHGA,12/02/17
0DEDgIfRdShuf6gyRRWRtN,12/02/17
1oaOVCJVQuhWPpIIBjSpSd,12/02/17
6gIrJgEV5mmEliuTAKahVF,12/02/17
33qCADPKZvNLx5uBvVrwfd,12/02/17
2Yt4WlPH2czWxGs8V9c94y,12/02/17
0RrSZWuWiIR7ETRjKZBUib,12/02/17
3WBr0aV6gAIq0Q6NiPasCd,12/02/17
5xgrfZ6ts1GtjRCZmeVtui,12/02/17
38QlfcOrXgzpdqaUk7guD1,12/02/17
2jnItNsbvrGLPl6oxhTHkC,12/02/17
5KLIxkbEngfMKTZ3KkMetY,12/02/17
0WBeOQ1Okwb5FxsF0hLLcH,12/04/17
5flhtsEZZ0ImNAtccopqpH,12/04/17
68Uzds0GkP6TmFJv5q0SOQ,12/04/17
0C8FzGnClgYzWlDzQHuhTV,12/04/17
4QZazZRZRj9NlJzdXgSv6W,12/04/17
69bVN3DgWVJdUkwFvPmpBn,12/04/17
7gYEcnIrG2MZsHHlfihStV,12/04/17
7vCAPGfk46iIyikreugUay,12/04/17
4nVOqeA98ZOk7vteS1VJhr,12/04/17
3fdo6afcJffJwjAFAgZW4L,12/04/17
74ytjTPC5opPN8uOkPvhzp,12/04/17
6K0KDWMEarDHGi3NuWvxf0,12/04/17
7s0Bdj9ZxPm7LCmYWVRfnm,12/04/17
36JuaGlNLdEDPnBWpEUjJW,12/04/17
2U2EMuFyUk5LYMPlMUpOxM,12/04/17
61DUoVjRGWBHj1z17t9rSZ,12/04/17
0MPsh65qp5QJdcENUNBDZq,12/04/17
6WxE0ZVaOAcNYOk19MMqwc,12/04/17
1c20BEm4fEQEDoE5v1ehbZ,12/04/17
6oBVQQ4y3KkStoa0apQPrK,12/04/17
33VReBh5WbMIOiJI1Ml4o8,12/04/17
1rNUOtuCWv1qswqsMFvzvz,12/04/17
0wmk0GFmNaox46CP2h5CGR,12/04/17
5th3rj1nW25bm5iSLiK3i9,12/04/17
3V3cJ4vwb6Hp1Cr48lWxIN,12/04/17
0pu6LHgjcYVQZPnPgxFbzi,12/04/17
1uV3VScw434Wp8vZsZfkra,12/04/17
0mqSUEphLHhooUE91a9LHz,12/04/17
18lUaFqM9TcaDELUmxsJIY,12/04/17
4DPy8k0CXh4i8pm5gtHpuw,12/04/17
2lIgi6h80UUYOJT4EhtiDa,12/11/17
1rsTANyQavJLIiPIFUgoiM,12/11/17
0to0zdBmiifu67UqTJFe1g,12/11/17
5961vHL70YCPN6vse5aPn9,12/11/17
0pDWu0R75mKS5vekUkl2cy,12/11/17
0l8fNhGwCHUKbYWs4rw1nP,12/11/17
1EoQsWMhGojPMVnGx0JySy,12/11/17
1XNypoAwJ5zShNIDsaqqJT,12/11/17
28nqpiowjT5oo14H1n6cD7,12/11/17
7BfcMByUiNKt890X33YElJ,12/11/17
32soEc9h0wDy1BEjV5egeh,12/11/17
1sN36lAQq4ElbU1dgNefol,12/11/17
4rG7GtTipquzXDBHUcJQw1,12/11/17
59v1okflZrEkeb9JrxfJvX,12/11/17
6Zel4w4DstpwT9Burm5CT4,12/11/17
049hT4kfymuYezj7COJxAQ,12/11/17
6fBh7paQUMek4UQcR3VoTa,12/11/17
7sKzFwxLeFMODGz3mESiOr,12/11/17
1LPVD9574cuaAmL70FfEqa,12/11/17
6UkNHdR1XxE2zasrz4QuBA,12/11/17
4GuWEcFpFeZhwSlexrWau5,12/11/17
5eAnBpAsZQeVXsXe1n2yRF,12/11/17
3V216wAP81JfmFUPFmlXeK,12/11/17
0jks8si1tI1HYG5dvOSpTr,12/11/17
5H4O7l1j2IzYsrUl0YugK6,12/11/17
6nydBmdDMTPFpEkSQc0IFY,12/11/17
3V1fmST0wKIYASXxQ8a3fO,12/11/17
6y61YovzikvhXhj4U4dxXO,12/11/17
2qCBqY9hnIIj1oOLHX3Kzc,12/11/17
6HOxxdObWwk20axCyqYlyK,12/11/17
1ey9ub4AISvEmjM7tkoBh0,12/19/17
7aPINKQJbQMZyYBwEFFaW7,12/19/17
3FYbqh8NmoLC8c1mMJ05mM,12/19/17
0gzI0zfUaoXFVNTUNQE9ad,12/19/17
1XoRSyXWm7Vou7z11Z2j5Z,12/19/17
6oVVq41JDMMEoI8oRMC6Yb,12/19/17
3FjYAj4hg5KiXpVAMjpLKq,12/19/17
2EJDRDvRRMZy3pBIDKuvbj,12/19/17
71oogsoMSUiHb1wt2iEXUN,12/19/17
4MORdrqVrsbWaT4OMjl4m0,12/19/17
1aLGTVwrYqxWCBwEGsp2VD,12/19/17
1iLfJK5MYfn6SWuPOZa539,12/19/17
0FQc5amctrZQ3M6qr2CeCc,12/19/17
1fNUo3Df4NEyAszjZvIMen,12/19/17
0Y4uDgB6G1AnDpfT7sXQuA,12/19/17
0rib9hiYy1NWL0w8BUYgmd,12/19/17
2zMXaBISwWgCM7zvYmk2h4,12/19/17
5a4d1YVJ3OBFRqgAhRK36o,12/19/17
7gTMsKyhm6vuUWoxRaFpsJ,12/19/17
3fCULruC32uHpryWa2yKRI,12/19/17
4i1R11xOUncTx7OzMN9yVo,12/19/17
71kzRcSaKgsNlWHzjANWC8,12/19/17
5bfvQG4NGiTFfUxPdMKrUd,12/19/17
7FATyApuAis0vzyF86gI4V,12/19/17
2uUCCzxbK2oxUMayYqGhdd,12/19/17
41pvFFVzmPXErwivVHn0EN,12/19/17
3k63RLvRgkgPGx0keOH3P6,12/19/17
70IDsr8U5EdxTLRcZ4qPZd,12/19/17
0vz4iTEfsp2lunsRJeMzjj,12/19/17
7hIs33FGOXKSNu9LhQ9LKB,12/19/17
79sKMNtZ3Q4UOxPZ6BSfm9,01/22/18
2taiFEr466TWMGPZN719m5,01/22/18
7COq66Pvvof8vh7MMHdzcY,01/22/18
1EFTdGiTw7DA9fAQjnxQIV,01/22/18
7cjmxu938R9RvHTNWljZ6T,01/22/18
037DAJ2ClglNQbEvXpGav4,01/22/18
4dAXXvBJOupibJzlYH5I9I,01/22/18
6Iipp0opPZA7277f5eyHoA,01/22/18
3vsm0ITzfIK8zrvBuAiLj3,01/22/18
1CbPLR6Xjo2nc0Pf13N0RS,01/22/18
6MIIvBSO33F6GrUWeUQY5l,01/22/18
38paDDziQ57k1f4VfKTeGk,01/22/18
5WEOx4ZXcfX3wvbfxsAoDO,01/22/18
65KWSO41BTzyBEthvaMqGS,01/22/18
5I30RPUteCcsW01BJ3qKTY,01/22/18
6QUngYwZ65et2ye7Bj85EK,01/22/18
2RcZIrOCedVC6RYHTnlm7y,01/22/18
55MEbqyxZphjB0beZ7YT0f,01/22/18
6WuKJi5EXFn7RuS5dvLfZB,01/22/18
3GppcLIGlSlvujXgR0pPRt,01/22/18
6TEvgyLcjZpRxCwlwS6ZLp,01/22/18
0izTD0SlboOngtZ2cvWMco,01/22/18
3iYrWttyMQMu6u38WDe42s,01/22/18
39zeMQiforTZUs4gcRdL4p,01/22/18
4paoehlfLKXZPh739wkKia,01/22/18
0im7UU71hGL0xvehl0WEdS,01/22/18
0lR6Ph3CV0jRJzU75h7Lim,01/22/18
7GZ1KaMcHyak0Csx9w078c,01/22/18
3KRO3Rz3j2L1ZYQcJPZolf,01/22/18
4kgYkTX5FdBWPKvXNQFuX8,01/22/18
5PkTF3y4Z7d2GlBdP3i0sS,01/29/18
1ztmBJixylxsRFYGdaoCtV,01/29/18
3C4U7ADHniU4maUbMDpCKs,01/29/18
2oV3mzorzJTZa3gmp8vAJl,01/29/18
4P3R9J5VGPyAPx9T6ZXAcF,01/29/18
0zkDO0X420agzReIEmKonb,01/29/18
1pjlIrzyN9kO0kR8RRjiQH,01/29/18
0YBApL73BbXpxEJKREFOUF,01/29/18
7FMedJPiag48GjON0tp2PO,01/29/18
4d0CWyPRxxOZ4STWWDo1xK,01/29/18
6VA7Sf8f4uOJeye5y5DKVO,01/29/18
4Bxvw6HTZ84nphqBsrIk5t,01/29/18
5Zpy2HR2vYLjlTQVd81DLH,01/29/18
52huwCjKltggJUzjvnR790,01/29/18
6BSM7JqYn5wZxl1o3f7oxT,01/29/18
641hzZTDMukcGRweBA2P8F,01/29/18
5lSqE2HtXQrCbl3L3iy82D,01/29/18
3fJCTime9pAkyQ5oyj0tIE,01/29/18
0VUwZ2e2jr7NdjDw1cMk5u,01/29/18
3VGA6JpyTEqrE0aKsouToJ,01/29/18
77EOVfDhyUX5nSzzc4ZEGX,01/29/18
6yfAaRpUk4G8DVzE0YKlFM,01/29/18
1vVsBCkVMYdLhgiC4F54G4,01/29/18
7n4q2KyMFLykfzjuevyIS7,01/29/18
6R8FISW9q9gD8dtatLvjld,01/29/18
4BQjJvC2UDvxb9ldttwm4m,01/29/18
78vCAbgiOTka0BTxfrcYgO,01/29/18
1gvaxqNiJEbQzWPqs72kgG,01/29/18
5Yy3MkY3YEga1ecYOb2XqX,01/29/18
0KyYon9yIRsTAhurKdE1Tf,02/05/18
34iHUnhp0sZXdnpQLP43PI,02/05/18
6t5WRv3jtELNa2dJj8aVCO,02/05/18
1EX4aaQUAzZxTChd3oqIFt,02/05/18
4LXi58nLKicjAC0emPq43l,02/05/18
3rvwOMySfAueAGr2EG4ydu,02/05/18
1h0NsdSSq78UKgT4d5kHwY,02/05/18
3hZSjTEvT5ftkQvLEMuUZz,02/05/18
023Jtd3l1gEeWgL1w1m8bt,02/05/18
6Nn74LbI9LzxgHci3rDQ6w,02/05/18
1DfUyX8AZqSKkHYdOUQyDf,02/05/18
5MAfnOpcBJQFxLlsurJ4fI,02/05/18
2YjYZqvEzFJDPzlQ7yt5A0,02/05/18
6dUNMAkCmHBdPiKY6vL1ne,02/05/18
0GYqX2Xo4lLwgegpAXd7rv,02/05/18
61kYRloObrNZitLUDFHh9p,02/05/18
6VqnyISajO5xnasSBkLEhv,02/05/18
7obb4s6A7gf0Lc2AGxodMy,02/05/18
1bDLIT0ZwySZhxP89CJx8G,02/05/18
3MzE7JeyheXwI4cJZryriW,02/05/18
3pCazlCyDu5ESvdnlmHXvv,02/05/18
0ahTrIsYWnX62xv2dVnkUP,02/05/18
6OojY4NdPiEGWHV2EUSwHz,02/05/18
5qmFodoyC2GliShdaFkjpa,02/05/18
0Z4NzqVblz4ZmSyOVrZuUc,02/05/18
7arMFVCLQ4h0B3lIZITEdY,02/05/18
6Kbkge4WbvwWv1jVzSQsr8,02/05/18
2utWE98tRlajB1FddzUxHC,02/05/18
2KSSbWLAWSzaso01DEP32W,02/05/18
0n61lgqFyXI2faol6H5UeX,02/05/18
3sd0iLoEtHizOJ7UINTEkG,02/13/18
4Broc784c5vVeGwOhtYB7V,02/13/18
0HjlItnelV19XufBNqdr4x,02/13/18
18N9hZG0MZryxpB4H36IyP,02/13/18
61IScONF6zo22bTucLM4i6,02/13/18
6S17PeFvUyH67x56KuyV1B,02/13/18
6O0xnpq8xNi4VNvS6yezHN,02/13/18
2wVrDSnhFnwy9SQLgP9Yiq,02/13/18
3ONaqCb780ATQB9j3vSoi2,02/13/18
6jvNnYLscndCf0fPJB1pms,02/13/18
2PUvAARj7ZO6qZe5HbpCNE,02/13/18
2LBJFcGqtq1QuPYFKmXOMj,02/13/18
1fiLPxpvzGBHosD1zop7cG,02/13/18
45su5K4GIGA82vFhkMSJ4l,02/13/18
3fnMthu5iCFiPnHPwruqOj,02/13/18
4vvAGYZrj60BJ9WNrxDXRX,02/13/18
37nD8NJhod8BEZ6EGYo2gT,02/13/18
6vfOiDl1cp40XwTMA8BSNP,02/13/18
0XbCoGsNuQIDrG88dxN3uD,02/13/18
13COL6WruuNzPyazSbWWFn,02/13/18
2rII7fXq4SWeMvlVQ5S9TV,02/13/18
7ji0rdxqRf6o6mkW8PG8J9,02/13/18
4utu3rzhZSWmxRuSUcleVl,02/13/18
2IUwZ8LaYyx102qKk3KQdI,02/13/18
7h9Bx7Y0NuP71mMI4FLqlA,02/13/18
7DK9shWJm361lm1ks32axt,02/13/18
4x79863wyp2dhJOiZYKPZN,02/13/18
69hDDCvSXNghI6ytgZhB5t,02/13/18
2HlVqCHFlLln2Ar4z0lKmR,02/13/18
4zmDtYcImw2BMf7I6RMqGY,02/13/18
2fD8Yqkkr4AfJtQZk9VYrA,02/21/18
5rz9UjxQLIuQYiBB7qf8q9,02/21/18
2Vvn4emJ5FlBNmbdhu2FAZ,02/21/18
2A6ygE592DfRoDsJ7l8RfQ,02/21/18
0LjZNHcd7ztFKJzm5t0x0T,02/21/18
1Qhouo7Y8HoxM9RwRdK2jE,02/21/18
0gK6aeOhxMhboiYa3JcEzl,02/21/18
7arbgxOtvA5HMqOEltSwUs,02/21/18
75OuMweU9JSpa7GM0Lfe4m,02/21/18
0Cw6KDUK7tUC9NBYhq8qrB,02/21/18
2zAlnbkJOu5dcUQTEknzFO,02/21/18
1oXVWCQEtnZ8Fhb3LVwrlA,02/21/18
7vI8Om5WPgeopniXobZSPV,02/21/18
3dRl79Zz2eMPUHBS4UKqwj,02/21/18
0eNdyS8eqpA6C41QBdB0Am,02/21/18
5DSvDcbneRehnEKj77J1Xj,02/21/18
3J1qHeuiDi35dOHOGr9E2Z,02/21/18
6TQuiL5lY6mULveuvY1s7h,02/21/18
4fvFjmEHX9iCnnPws50h6m,02/21/18
3pqeVvJ3HPnM1YYr9D8DWv,02/21/18
0yULzvtl2NIahJiej2fVPi,02/21/18
6z2aPP5sYVMPcp6R08zOm8,02/21/18
4dtzbN6qGwojZ3e3eJRVh4,02/21/18
5ryPm8wNdKXSL9DLIKiUjE,02/21/18
4m6bWxUDZojInmwu5HzQUZ,02/21/18
2OC6drvbkFDGyPs6e1B2WF,02/21/18
1BiWj71WAdsrPBq4xXO3O1,02/21/18
5Ta2cnPdPrM8G5GS883d20,02/21/18
7dnc68lQAG5KoKAOu6YSd4,02/21/18
5D3kUTnDKKI7WnhlNFSjkJ,02/21/18
7HnuWuX1kzYIaIjmZ8sbxn,03/21/18
26UKqa0ZbJKqPCos6kke1B,03/21/18
4RgvJ3xCztohZTEaa5tyrQ,03/21/18
6qu4XUgOEVVd9doJMG4MAx,03/21/18
7vHmwZyU04v7Kwh1hUfEpP,03/21/18
04u7AxSW2bAPizNW7FoLfe,03/21/18
5p4nSRJXr0EGPutzmPkA2J,03/21/18
2dER6hMb744GElxY49BfVx,03/21/18
6JVrRGTD8lra7CFS1FMOr4,03/21/18
03GypeUyEFruhDvG1Jb2rK,03/21/18
7B4FaPTudUnbec74nbHUJd,03/21/18
7IFBZueg7NGElnJemXil32,03/21/18
4yszOcsO5Zs5992IOXXBnw,03/21/18
0u22qEIBJZIhxzApF7IJ8o,03/21/18
2EWG2vhqHcPA3kDKf5337J,03/21/18
2eeseHi9SQuEckhCFhrDe8,03/21/18
1NmHZ5Vbogui7oeQYH1ExT,03/21/18
0ANoBMFAzaPJUhlXxjUXp3,03/21/18
0BP2o4rGe7nkQea1JOWMbl,03/21/18
5imyK8dza7bwb6TNDFxCmQ,03/21/18
29069ieCEe5gqv3j7rWvwT,03/21/18
4gBXPSFTZ6vO9Ma8Zj1H8N,03/21/18
0wG3NqUqCl7nhoNFXbKUZO,03/21/18
4XQDdd4qQzE5Z0adPqokAM,03/21/18
5TzzGACjrXwBxZ6Hs0eb8p,03/21/18
7mQSdLbzRsweeY00NCq2rX,03/21/18
67wYewtI4v0NvzzmvWoZK2,03/21/18
5KqS4gQCHSGZ3glW6xTwoT,03/21/18
3znURUQdOf9B7sI59LPL8F,05/03/18
2H9k6Bft62R5h6orHW5Wh0,05/03/18
0UQqmzmMMQZvCL5l2KGTDG,05/03/18
2g9LXMNIBCqmngHpH9nXv0,05/03/18
3MDQJqyb4atAUbbRgsrwfh,05/03/18
0CU2jC3IcKf4Gqju8a9KAy,05/03/18
5Y8D3YCrvubiyeMVTFqQN3,05/03/18
5PppAcoVopH1cxX1ynyA27,05/03/18
051RAjAkUPqKePF7x7uJKR,05/03/18
3s2D3I9fEhM4LwAmvpv8J2,05/03/18
12CyFLr9VQA25a5PvKp3bX,05/03/18
7tggbwAN1S9kjxyxpbo0rO,05/03/18
5XvRIsGyQLvy6tPF6O6SxE,05/03/18
112nYSRSK3kZjtJrzWRbdj,05/03/18
44Q7JAsb1I6sMdxoO0ehHE,05/03/18
5ArtaQ740g1HgDugVOyzf7,05/03/18
2tClfB6to94C1PpVpNi659,05/03/18
6JLDtbLnwXylINj16yAtPp,05/03/18
7tEckyzAqQc1DkFQKjG1M0,05/03/18
4jETGDXtyIe7QEPTQ4IZfw,05/03/18
1URVYYlNZwAQrjfdWP8i31,05/03/18
1Njct4RUwqGeKz4qQvOzPo,05/03/18
6ET9kf9riLETWs9lePUEAI,05/03/18
2hSd5IqIBoR5Ck5EDVL4kZ,05/03/18
2X5zzRzbgb3VzMo4cWFYG3,05/03/18
0L7GuTpOF26dWVwRBLEdCk,05/03/18
0A4yKvRLnSxGcEFhAHjdwW,05/03/18
1bJRGgkcyQHXrnBRFCpaDb,05/03/18
3vHZogGuw36HLk1BeGLhZq,05/03/18
01p0lvcsH28Rmeu5uvSOU2,05/03/18
6ZIoArTzQrFUpSR1k9GyUq,06/06/18
2344mSPPaLbvT8FLjlu1Za,06/06/18
7trLIalKnHgBfP28eTmYzY,06/06/18
27LUNptBKpPi4Tn7RpTWtF,06/06/18
3PPVNHiLxHR1M5iXx78E3c,06/06/18
4uzprGZZf8OprJqZRPSuGP,06/06/18
7EnzJR5AF8eCbDP9YAb5sq,06/06/18
4p5PBVLThqS1U2s3aBBg1x,06/06/18
29y7Pj8dCyFq1grydLdHJH,06/06/18
2KjmDITPvrfrRXds8YCFWT,06/06/18
2UduNMj9tpsEcBTur8VwH2,06/06/18
4EVN0yz8ntBpfQtMPr3h1W,06/06/18
6WjXvwO1f95TgBwx3hHX5g,06/06/18
6xrnIqLTIt91TfdWi4PIC0,06/06/18
0LS4M8osuBDyL5IKIqtFaQ,06/06/18
6ysK6T8Gvtx1f7VBzaTSxA,06/06/18
3B22ijLEaqWLcuFFIBuYe0,06/06/18
19OQocztE243f4vzmP0uP7,06/06/18
5H5j2m8Zhp42K4k8IjJN6Z,06/06/18
3OcL6xLD3U8i9vuOICvyQn,06/06/18
14ReCrlYMlzHxKNOF9UwNX,06/06/18
6ZNz2aaMwy8yaQzlnT9507,06/06/18
2dUm9Jlof0jllOjHgZbMl5,06/06/18
6TtbJdj9K79QiswGBH6tBp,06/06/18
0j1bpDEg44YsqDtvqBBJul,06/06/18
3hSMzWNcrOZjjF0UPiFNhI,06/06/18
2cClBLOabt0BG7VqmIBFQ2,06/06/18
1TT3ZkAdLcPpbYpD271y4z,06/06/18
02YXI5rZ0sxJAWaMvGf1YO,06/06/18
46L7Pj9moQ6PNvcMZzchUh,06/06/18
2We0UNxKWgx4by5BVxy6P5,06/18/18
1tbQJsvQzT5KBx3sqgz51u,06/18/18
2QqDNk4meN58jBmUn0EBUi,06/18/18
52L8efm6brGpvjqCfLhogj,06/18/18
4X0tKUtMrQSxUL907a3yKW,06/18/18
72zJ8ZdOF4kn3AW4nzJjsT,06/18/18
6PxLjmt9UoUxlMUkkK8mTE,06/18/18
53q8Ha1ugRIQboINEFu5jI,06/18/18
3cPtZw0oqMEkKlGSF0SLkc,06/18/18
4dAE4qPK1fVlemyCc1piKa,06/18/18
704nmjOWQwwa8jrb7fo8o2,06/18/18
5nyHSoBpKr7X5hS6tiK6zg,06/18/18
5aLzttbVXvaEyQ3WZxspcA,06/18/18
5EezQaK91tXuRCZSW1N5on,06/18/18
24NbwTMfsr94HSKyMMd8LB,06/18/18
107TMcWXS45nfVAab6yc3S,06/18/18
3sYrGGUnPt5G2cwyutSmw6,06/18/18
3napxkfjwqP6WLI6ujwdQ2,06/18/18
5smqbnf5JHgTgxs8KdLu18,06/18/18
48MVFe02N2WaYb0zvOfqkb,06/18/18
0rNJyj3nBfgUfsSiE96BO4,06/18/18
3qyfhmP38iAV5L4HOFNz04,06/18/18
1Gzd6MTqM4MsMdILohWu3N,06/18/18
2n8mitIIdOgd77g6wSSqIR,06/18/18
3Rc94e3TOA1K4vHnWeFVrn,06/18/18
2gPFK3pmM7zzws174NrjkG,06/18/18
5Dti5jZ2L1QQb98sJVtsTc,06/18/18
39lRgtgsJWe9AdJNEuwTij,06/18/18
1RAvTmB0V7Et2fhYZTYr4B,06/18/18
6gKwdkRPjNmku0IXfbxCU1,06/18/18
7i8TJKAWkA1JQ3orHSA9Gb,07/05/18
3GVKq25i4iqaA57k4Z5SK2,07/05/18
0fH7ywdwW5EouYa53i97FH,07/05/18
3ZreIAMdZdZTAy460FG72v,07/05/18
6Of1wVBB3u1NT26G6Mmrmn,07/05/18
7KjGBrZxramgcQfTgl63j9,07/05/18
30lXd6GBXld0XQyOKE1Ku9,07/05/18
2JsVNmmJ7DyrUIgvSWmJPX,07/05/18
4BWeX6m6BjM57282BSUMqy,07/05/18
5FhhieepUYtIN3HeYT2abe,07/05/18
4iEj3gYqRBz4mSpVGEj0fY,07/05/18
3bZ8mH2sryeMlITQQ2M4LM,07/05/18
0rou7gAqutElM64WxIro5L,07/05/18
4vpJm0O1WzYDNMOPjYU2t5,07/05/18
6V8cSaxODBOAVx98FeJuWO,07/05/18
0SdeVdIRshBF3c3RaXENJH,07/05/18
62x3LXgPj4ZmxKH4qHiUFF,07/05/18
1NsIGVGUlLQoVzPPy9M7e1,07/05/18
5Kpj6VCY7ZuUIYhdNJwKOC,07/05/18
4MrwM9vGNeVKjIEtyZ2sQT,07/05/18
5rYVHYS6ufg2pryT8lZqeK,07/05/18
0IOgAzSsufSjxVCGt9cZrv,07/05/18
6lAZ7xfP9su2ZvGk1rRc3R,07/05/18
7nrGPwcnDFzC8vadHo27IT,07/05/18
1tCi8DrzY1aOXRDK7efIjJ,07/05/18
3MPFzBWdqwaAeCSQpA7Ift,07/05/18
7raRro9ERMseG8o7TyfSgc,07/05/18
7ntiEHBrEMRHzGRBMiP0Hh,07/05/18
5YnIlLNACAWMpf2130p9d6,07/05/18
351q3KYVyCwBbHfmjvdd1t,07/05/18
0ahlKSyUanJxT5o7Au3PMT,07/17/18
3o2xPJT4POYzDxQ5tlZARb,07/17/18
7C2I4FsE2s5Yzabm6qtoVA,07/17/18
6m0P9GQ2XapM6U8BDfGDaj,07/17/18
5UX9m7QIEvLyJr4SXZYk48,07/17/18
33lLJQh2wJWpc9ReKaK96f,07/17/18
4qtddMVzDlq9dXIx6axFWj,07/17/18
61rCRrOiAyiUQnToa75Yww,07/17/18
28lt4sItmXiXvSEAqKKju5,07/17/18
7gK0FZZEYBFnqRviMB4SnJ,07/17/18
3xsjSpZnd6KHkFvV0DtieG,07/17/18
5qFqAiqbGg0u16LSaQVzML,07/17/18
3NIyYYuBGDNhPDMRSvGjeY,07/17/18
1bvL2SmIBJNs35uoBxWFGs,07/17/18
6AUhloujELYriwIreKv2MU,07/17/18
6jTQ5lrGoDAAW2tYrtznEJ,07/17/18
7paGXx3iWrnnpe56pIGHyQ,07/17/18
1QrjlH35b9FrdxGxCaaWBx,07/17/18
24UyPbHqzrmetIyrcXKCOG,07/17/18
56OhItQ6ACZrsi8FhR7nHd,07/17/18
0QYBSRi2hKfkNFVwRJX3iz,07/17/18
13AbPBJkIgSlvwZoW7z8GF,07/17/18
6LlOMeesxjTECCdaBiEz2i,07/17/18
34qkMPN6ljAlAuryRtUM4d,07/17/18
1PoaSCeoBUCPg25k7XTvNN,07/17/18
419cNVI2TzuYFlXmp4BNDU,07/17/18
7yC0FUyXiYtPTN1XsjkMyF,07/17/18
0nYXekZPvmrPiMnin7SEcx,07/17/18
5JuHPpohOvyx08D9MAfkIe,07/17/18
7FDAR8YdrxiC1W8mhsLUKi,07/17/18
0EjtZmOLT6WLShJRHCFWVU,08/08/18
22LImJMfhUcPWS4gAAEOzi,08/08/18
3naMieRVMmNg3sCRDLbtlZ,08/08/18
2OCStyAcmUsjAy3M5krREU,08/08/18
0xMPBvQjobG6060SEuEF4M,08/08/18
2rdjsDioAbhEqwzyKfRwDc,08/08/18
4NccdZoomgg7YaZkretJ8J,08/08/18
4afqmP42kfzhjsVX1J6LRB,08/08/18
2vrUEPFeTnkeLqmG1JXiaZ,08/08/18
52wE002pRWiZihE4ZBGAuT,08/08/18
26tMEe6PsXD1DiDDuNAxWs,08/08/18
4huhB9g7pqBFB6qL1Jf7MJ,08/08/18
6yS9uvIAlavZM1zADSWfzh,08/08/18
5n9kW3wZJYxgfx3TGY8k6m,08/08/18
0Ph8i6RtJmZwvKZPvY6Q8t,08/08/18
5A1UpB8rIje48q3AZem0cY,08/08/18
167USRtGXTBWIUX48Bho1p,08/08/18
7JkXHDAOyMZt2Y12nZwmGC,08/08/18
4qDkvJ0S5jdeecvwPvKIpF,08/08/18
1pqkc4wKFsBM8c8a3vYSAY,08/08/18
5T34bUAPvwC40os3uV4aja,08/08/18
7bP6wGFP4z1Fdgt3d02Bbz,08/08/18
0tobtKHlHrnyjyzyMmJjxd,08/08/18
5mQ1l8rmzCC1f6zzJfTkP3,08/08/18
4LPuB6avoWYmKFjTDYj1kB,08/08/18
1WyjSjo0nEZkzkWgJWRcEE,08/08/18
14NGuML3Jq0k7djuHkx2qE,08/08/18
3NUfLzcIDStHYxdoBJfoN1,08/08/18
3ZR0fICkSb1K6TYeLSRaxo,08/08/18
3YMWDzk3Ar3uyznxwd6656,08/08/18
6Sj5tEDLFBgbpZxwGJHl1x,8/13/2018
5NlQ8We8fhLVGDjO2LfB5i,8/13/2018
1t25wqzuSRb31ySvLbaTZC,8/13/2018
5Ob2Wt2IifgoFrSFrBnRZJ,8/13/2018
4hYYfbcGv2qOduYUxAbg06,8/13/2018
1mEHrDLB6329MdiKuFqkUT,8/13/2018
55IeAZ4r3BFmg67gZXQDaI,8/13/2018
4hwAWs6fFskRSN0jNbP9wR,8/13/2018
2rneJaaVTvpEnq22TiCzE9,8/13/2018
3HNKZy1An5Jlnb02lcV2yd,8/13/2018
7hnoEZohPYJtuoKfp4pHSw,8/13/2018
26nFqF61dU9jr6hJsh46n4,8/13/2018
682Gsqk6oTCm6W2qAg1iFR,8/13/2018
0ll9N65h5uyzAJV6GFAfAV,8/13/2018
7kLg5Lqoz0rueYMD3SXFJx,8/13/2018
6LtQHVhoeY6nop5tyVTMj5,8/13/2018
3280xJeQE1fuZIpOHOdA48,8/13/2018
6uNO3rZQYAY3zFlrEcBW8Y,8/13/2018
3636egwUYpcxSQqe3HSU0Q,8/13/2018
53PkA8aXiwH4ppa0V0iO7o,8/13/2018
1sSXvmDY7zOkpYGbaTDjBx,8/13/2018
7pVUsDYxVQ9I8zpK0kzbvO,8/13/2018
2Gmv2xYgio9E1RFogBzBoe,8/13/2018
4yfxYfewh1Zy0gH8XbggjC,8/13/2018
0IDeN9cMDDFOgvG8DKSnoP,8/13/2018
5OUC8XJrtE5U23c4n1Bmgz,8/13/2018
4kt8Z0jxgclmzE1QJvzQqr,8/13/2018
2OZp6G6MwHoSt3a3qzEsqc,8/13/2018
3zY9V0dYqTe1VhwB6NifR0,8/13/2018
6tcx0Yf7NuS4IV643S2XCc,8/13/2018
